{"cameraMode":{"drawMode":0,"name":"Shaded","section":"Shading Mode"},"sceneLighting":true,"audioPlay":false,"sceneViewState":{"m_AlwaysRefresh":false,"showFog":true,"showSkybox":true,"showFlares":true,"showImageEffects":true,"showParticleSystems":true,"showVisualEffectGraphs":true,"m_FxEnabled":true},"in2DMode":false,"pivot":{"x":-2.2207984924316408,"y":2.034576654434204,"z":-0.7049336433410645},"rotation":{"x":0.11762118339538574,"y":0.6371492147445679,"z":-0.0992286279797554,"w":0.7552280426025391},"size":0.5452070832252502,"orthographic":true}